post_title,post_content,post_name,post_author,post_status,featured_image,keyphrases,post_category,post_tag,post_excerpt,post_date,post_format,comment_status,ping_status,robots_default,robots_noarchive,robots_nosnippet,robots_noimageindex,robots_notranslate,robots_max_snippet,robots_max_videopreview,robots_max_imagepreview,editors_choice,editors_note,featured-post,keep_trending,news_list_items,nsfw_post,post_template
### Igniting Creativity: Exploring Adobe Firefly's Creative Revolution,"#### SummaryAdobe Firefly emerges as a powerful creative tool, redefining digital design and collaboration. This article delves into its key features, highlights pros and cons, offers valuable tips, and presents real-world examples showcasing Adobe Firefly's transformative capabilities.#### Key Points- Seamless Collaboration- Intuitive Design Interface- Cloud-Based Workflow- Extensive Asset Library#### Pros and Cons| Pros                     | Cons                          ||--------------------------|-------------------------------|| Robust Collaboration     | Learning Curve for Beginners   || Intuitive User Interface | Subscription-based Model       || Accessible Anywhere       | Advanced Features Require Pro Plan || Comprehensive Asset Library | Internet Dependency           |#### Tips for the Reader ðŸ’¡Enhance your Adobe Firefly experience with these tips:- Explore the in-app tutorials for a smoother onboarding process.- Leverage collaboration features to streamline team projects.- Save designs regularly to the cloud for easy access across devices.#### Examples##### Example 1: Collaborative Design Session**Prompt:** Creative Collaboration with Adobe Firefly**Input:**```dartimport firefly_adobeproject = firefly_adobe.create_project('TeamDesign')firefly_adobe.invite_collaborators(project, ['designer1', 'designer2'])```**Output:**```dartReal-time collaboration initiated: Designers working seamlessly on the same project.```##### Example 2: Designing on the Go**Prompt:** Mobile Design with Adobe Firefly**Input:**```dartimport firefly_adobedesign = firefly_adobe.create_design('OnTheGo')firefly_adobe.export_to_cloud(design)```**Output:**```dartDesign exported to the cloud: Accessible from any device, anywhere.```ðŸ‘‰ [Try for yourself](https://firefly.adobe.com/)#### URL Address of the AI Topic / Vendor[Adobe Firefly](https://firefly.adobe.com/)---",###-igniting-creativity:-exploring-adobe-firefly's-creative-revolution,trioadmin,,,firefly,Default Category,,,,,,,,,,,,,,,,,,,,,
Igniting Creativity: Exploring Adobe Firefly's Creative Revolution,"

#### Summary
Adobe Firefly emerges as a powerful creative tool, redefining digital design and collaboration. This article delves into its key features, highlights pros and cons, offers valuable tips, and presents real-world examples showcasing Adobe Firefly's transformative capabilities.

#### Key Points
- Seamless Collaboration
- Intuitive Design Interface
- Cloud-Based Workflow
- Extensive Asset Library

#### Pros and Cons

| Pros                     | Cons                          |
|--------------------------|-------------------------------|
| Robust Collaboration     | Learning Curve for Beginners   |
| Intuitive User Interface | Subscription-based Model       |
| Accessible Anywhere       | Advanced Features Require Pro Plan |
| Comprehensive Asset Library | Internet Dependency           |

#### Tips for the Reader ðŸ’¡
Enhance your Adobe Firefly experience with these tips:
- Explore the in-app tutorials for a smoother onboarding process.
- Leverage collaboration features to streamline team projects.
- Save designs regularly to the cloud for easy access across devices.

#### Examples

##### Example 1: Collaborative Design Session
**Prompt:** Creative Collaboration with Adobe Firefly

**Input:**
```dart
import firefly_adobe

project = firefly_adobe.create_project('TeamDesign')
firefly_adobe.invite_collaborators(project, ['designer1', 'designer2'])
```

**Output:**
```dart
Real-time collaboration initiated: Designers working seamlessly on the same project.
```

##### Example 2: Designing on the Go
**Prompt:** Mobile Design with Adobe Firefly

**Input:**
```dart
import firefly_adobe

design = firefly_adobe.create_design('OnTheGo')
firefly_adobe.export_to_cloud(design)
```

**Output:**
```dart
Design exported to the cloud: Accessible from any device, anywhere.
```

ðŸ‘‰ [Try for yourself](https://firefly.adobe.com/)

#### URL Address of the AI Topic / Vendor
[Adobe Firefly](https://firefly.adobe.com/)

---

Follow our Social Media for more information:

- ðŸ“˜ [Facebook Group](https://www.facebook.com/groups/trionxai)
- ðŸ“„ [Facebook Page](https://www.facebook.com/ai.trionxai)
- ðŸ“¸ [Instagram](https://www.instagram.com/trionxai/)
- ðŸŽ¥ [YouTube](https://www.youtube.com/@robotdocs/)

#### SEO High-Ranking Page Tags
Adobe Firefly, Digital Design, Creative Collaboration, Cloud-Based Design, Adobe Creative Cloud, Design Workflow, Asset Library, Creative Revolution, Design Tips, Design Examples",igniting-creativity-exploring-adobe-fireflys-creative-revolution,trioadmin,publish,,design,AI,"Adobe Firefly, Digital Design, Creative Collaboration, Cloud-Based Design, Adobe Creative Cloud, Design Workflow, Asset Library, Creative Revolution, Design Tips, Design Examples","

#### Summary
Adobe Firefly emerges as a powerful creative tool, redefining digital design and coll...",2023-11-30 01:12,standard,open,open,"index, follow",no,no,no,no,-1,-1,large,1.0,,1.0,1.0,,field_587be16ffc2f2,template-1
