post_title,ID,post_content,post_excerpt,post_date,post_name,post_author,post_status,featured_image,post_format,comment_status,ping_status,noindex,nofollow,custom_link,disable_analytics,noodp,noydir,aioseo_title,aioseo_description,og_title,og_description,og_image_type,og_image_custom_fields,og_video,og_object_type,disable,og_article_section,og_article_tags,twitter_use_og,twitter_card,twitter_image_type,twitter_image_custom_fields,twitter_title,twitter_description,robots_default,robots_noarchive,robots_nosnippet,robots_noimageindex,robots_notranslate,robots_max_snippet,robots_max_videopreview,robots_max_imagepreview,keyphrases,post_category,post_tag,add_sponsor,editors_choice,editors_note,enclosure,featured-post,footnotes,image_template,images_lists,images_lists_0_images_list,images_lists_1_images_list,images_lists_2_images_list,images_lists_3_images_list,images_lists_4_images_list,images_post,images_post_0_images_image,images_post_1_images_image,images_post_2_images_image,keep_trending,king_dislike_count,king_flags,king_like_count,king_reaction_angry,king_reaction_haha,king_reaction_like,king_reaction_love,king_reaction_sad,king_reaction_wow,king_vote_dislikes,king_vote_likes,list_post,media_lists,media_lists_0_media_thumb,media_lists_0_media_title,media_lists_0_media_url,media_lists_0_media_url_or_upload,news_list_items,nsfw_post,post_sponsor_description,post_sponsor_link,post_sponsor_logo,post_template,share_counter,video_tab,video_template,video-url
Igniting Creativity: Exploring Adobe Firefly's Creative Revolution,,"<!DOCTYPE html>
<html>
<head>
    
    <meta http-equiv=""Content-type"" content=""text/html;charset=UTF-8"">
    <style>
    
/* Table styles */
table {
    border-collapse: collapse;
    width: 100%;
    margin-bottom: 1em;
}
th, td {
    border: 1px solid #dddddd;
    text-align: left;
    padding: 8px;
}

/* Code block styles */
pre, code {
    background-color: #f5f5f5;
    border: 1px solid #cccccc;
    display: block;
    padding: 10px;
    overflow-x: auto;
    font-family: monospace;
}

/* General body styling */
body {
    font-family: Arial, sans-serif;
    line-height: 1.6;
}

    </style>
</head>
<body>
<p>Adobe Firefly emerges as a powerful creative tool, redefining digital design and collaboration. This article delves into its key features, highlights pros and cons, offers valuable tips, and presents real-world examples showcasing Adobe Firefly's transformative capabilities.</p>
<p><img src=""./adobefirefly.webp"" alt=""Adobe Firefly Image""/></p>
<h4>Key Points</h4>
<ul>
<li>Seamless Collaboration</li>
<li>Intuitive Design Interface</li>
<li>Cloud-Based Workflow</li>
<li>Extensive Asset Library</li>
</ul>
<h4>Pros and Cons</h4>
<table>
<thead>
<tr>
<th>Pros</th>
<th>Cons</th>
</tr>
</thead>
<tbody>
<tr>
<td>Robust Collaboration</td>
<td>Learning Curve for Beginners</td>
</tr>
<tr>
<td>Intuitive User Interface</td>
<td>Subscription-based Model</td>
</tr>
<tr>
<td>Accessible Anywhere</td>
<td>Advanced Features Require Pro Plan</td>
</tr>
<tr>
<td>Comprehensive Asset Library</td>
<td>Internet Dependency</td>
</tr>
</tbody>
</table>
<h4>Tips for the Reader üí°</h4>
<p>Enhance your Adobe Firefly experience with these tips:
- Explore the in-app tutorials for a smoother onboarding process.
- Leverage collaboration features to streamline team projects.
- Save designs regularly to the cloud for easy access across devices.</p>
<h4>Examples</h4>
<h5>Example 1: Collaborative Design Session</h5>
<p><strong>Prompt:</strong> Creative Collaboration with Adobe Firefly</p>
<p><strong>Input:</strong></p>
<pre class=""codehilite""><code class=""language-dart"">import firefly_adobe

project = firefly_adobe.create_project('TeamDesign')
firefly_adobe.invite_collaborators(project, ['designer1', 'designer2'])
</code></pre>

<p><strong>Output:</strong></p>
<pre class=""codehilite""><code class=""language-dart"">Real-time collaboration initiated: Designers working seamlessly on the same project.
</code></pre>

<h5>Example 2: Designing on the Go</h5>
<p><strong>Prompt:</strong> Mobile Design with Adobe Firefly</p>
<p><strong>Input:</strong></p>
<pre class=""codehilite""><code class=""language-dart"">import firefly_adobe

design = firefly_adobe.create_design('OnTheGo')
firefly_adobe.export_to_cloud(design)
</code></pre>

<p><strong>Output:</strong></p>
<pre class=""codehilite""><code class=""language-dart"">Design exported to the cloud: Accessible from any device, anywhere.
</code></pre>

<p>üëâ <a href=""https://firefly.adobe.com/"" target=""_blank"">Try for yourself</a></p>
<h4>URL Address of the AI Topic / Vendor</h4>
<p><a href=""https://firefly.adobe.com/"" target=""_blank"">Adobe Firefly</a></p>
<hr />
<p>Follow our Social Media for more information:</p>
<ul>
<li>üìò <a href=""https://www.facebook.com/groups/trionxai"" target=""_blank"">Facebook Group</a></li>
<li>üìÑ <a href=""https://www.facebook.com/ai.trionxai"" target=""_blank"">Facebook Page</a></li>
<li>üì∏ <a href=""https://www.instagram.com/trionxai/"" target=""_blank"">Instagram</a></li>
<li>üé• <a href=""https://www.youtube.com/@robotdocs/"" target=""_blank"">YouTube</a></li>
</ul>
<h4></h4>
<p>Adobe Firefly, Digital Design, Creative Collaboration, Cloud-Based Design, Adobe Creative Cloud, Design Workflow, Asset Library, Creative Revolution, Design Tips, Design Examples</p>
</body>
</html>","<!DOCTYPE html>
<html>
<head>
    
    <meta http-equiv=""Content-type"" content=""text/html;charset=UT...",,igniting-creativity-exploring-adobe-fireflys-creative-revolution,trioadmin,publish,https://dev.trionxai.com/wp-content/uploads/adobefirefly.webp,standard,open,open,,,,,,,,,,,,,,,,,,,,,,,,"index, follow",no,no,no,no,-1,-1,large,tr,AI,"Adobe Firefly, Digital Design, Creative Collaboration, Cloud-Based Design, Adobe Creative Cloud, Design Workflow, Asset Library, Creative Revolution, Design Tips, Design Examples",,1,,,1,,,,,,,,,,,,,1,,,,,,,,,,,,,,,,,,,,,,,template1,,,,
AI Portrait Generator: Unveiling Digital Artistry,,"<!DOCTYPE html>
<html>
<head>
    
    <meta http-equiv=""Content-type"" content=""text/html;charset=UTF-8"">
    <style>
    
/* Table styles */
table {
    border-collapse: collapse;
    width: 100%;
    margin-bottom: 1em;
}
th, td {
    border: 1px solid #dddddd;
    text-align: left;
    padding: 8px;
}

/* Code block styles */
pre, code {
    background-color: #f5f5f5;
    border: 1px solid #cccccc;
    display: block;
    padding: 10px;
    overflow-x: auto;
    font-family: monospace;
}

/* General body styling */
body {
    font-family: Arial, sans-serif;
    line-height: 1.6;
}

    </style>
</head>
<body>
<h2>Summary:</h2>
<p>AI Portrait Generator is a state-of-the-art tool designed to transform photographs into unique digital portraits using advanced AI algorithms. This tool caters to artists, photographers, and hobbyists, offering an intuitive way to create stunning, artistic renditions of portraits with just a few clicks.</p>
<h2>Key Points:</h2>
<ul>
<li>Utilizes advanced AI for artistic transformations.</li>
<li>Simple and user-friendly interface.</li>
<li>Ideal for creating unique digital art and portraits.</li>
</ul>
<h2>Pros and Cons:</h2>
<table>
<thead>
<tr>
<th>Pros</th>
<th>Cons</th>
</tr>
</thead>
<tbody>
<tr>
<td>Easy to use with instant results</td>
<td>Limited control over artistic styles</td>
</tr>
<tr>
<td>High-quality digital portrait output</td>
<td>Dependence on original photo quality</td>
</tr>
<tr>
<td>Creative and fun for all skill levels</td>
<td>Internet connection required</td>
</tr>
</tbody>
</table>
<h2>üåü Tips for the Reader:</h2>
<ul>
<li>üì∏ Use high-resolution photos for better output quality.</li>
<li>üé® Experiment with different photos to explore various art styles.</li>
<li>üåê Share your AI-generated portraits on social media for feedback and inspiration.</li>
</ul>
<p>üîµ <strong>Unlock your creativity with AI Portrait Generator!</strong></p>
<h2>Examples:</h2>
<h3>Example 1: Transforming Selfies</h3>
<ul>
<li><strong>Prompt:</strong> Selfie to Digital Art</li>
<li><strong>Input:</strong> A regular selfie.</li>
<li><strong>Output:</strong> Artistic AI-rendered portrait.</li>
</ul>
<h3>Example 2: Revamping Family Photos</h3>
<ul>
<li><strong>Prompt:</strong> Family Memories Reimagined</li>
<li><strong>Input:</strong> Old family photo.</li>
<li><strong>Output:</strong> Stylized, modern portrait rendition.</li>
</ul>
<p>üëâ <strong><a href=""https://www.media.io/ai-portrait-generator.html"">Try for yourself</a></strong></p>
<p><strong>Experience the magic of AI in art with AI Portrait Generator!</strong></p>
<h2>URL Address of AI Portrait Generator:</h2>
<ul>
<li><a href=""https://www.media.io/ai-portrait-generator.html"">AI Portrait Generator Official Site</a></li>
</ul>
<hr />
<h2>Connect With Us:</h2>
<ul>
<li>üìò FB group: <a href=""https://www.facebook.com/groups/trionxai"">Join Our Facebook Group</a></li>
<li>üìñ FB page: <a href=""https://www.facebook.com/ai.trionxai"">Like Our Facebook Page</a></li>
<li>üì∏ Instagram: <a href=""https://www.instagram.com/trionxai/"">Follow Us on Instagram</a></li>
<li>üìπ Youtube: <a href=""https://www.youtube.com/@robotdocs/"">Subscribe to Our YouTube Channel</a></li>
</ul>
<h2></h2>
<p>AI Portrait Generator, digital art, AI algorithms, portrait transformation, creative photography, artistic AI, digital portrait, photo to art, AI art, user-friendly AI tool, digital creativity, photography enhancement, portrait artistry, artistic transformation, AI technology in art, digital portrait creation, AI for artists, creative AI applications, portrait innovation, AI-generated art</p>
<hr />
<p><em>Image Prompt for Dall-E 3: ""A visual depiction of the AI Portrait Generator in action, showing the transformation of a regular photo into a stunning AI-generated portrait, illustrated in a dynamic and modern digital art style.""</em></p>
<p><img alt=""Alt text"" src=""ai portrait.png"" /></p>
<p><img alt=""Alt text"" src=""generate pic.png"" /></p>
</body>
</html>","<!DOCTYPE html>
<html>
<head>
    
    <meta http-equiv=""Content-type"" content=""text/html;charset=UT...",,ai-portrait-generator-unveiling-digital-artistry,trioadmin,publish,https://dev.trionxai.com/wp-content/uploads/ai-portrait-generator.webp,standard,open,open,,,,,,,,,,,,,,,,,,,,,,,,"index, follow",no,no,no,no,-1,-1,large,AI,AI,"AI Portrait Generator, digital art, AI algorithms, portrait transformation, creative photography, artistic AI, digital portrait, photo to art, AI art, user-friendly AI tool, digital creativity, photography enhancement, portrait artistry, artistic transformation, AI technology in art, digital portrait creation, AI for artists, creative AI applications, portrait innovation, AI-generated art",,1,,,1,,,,,,,,,,,,,1,,,,,,,,,,,,,,,,,,,,,,,template1,,,,
AI Human Generator: Crafting Realistic AI-Powered Faces,,"<!DOCTYPE html>
<html>
<head>
    
    <meta http-equiv=""Content-type"" content=""text/html;charset=UTF-8"">
    <style>
    
/* Table styles */
table {
    border-collapse: collapse;
    width: 100%;
    margin-bottom: 1em;
}
th, td {
    border: 1px solid #dddddd;
    text-align: left;
    padding: 8px;
}

/* Code block styles */
pre, code {
    background-color: #f5f5f5;
    border: 1px solid #cccccc;
    display: block;
    padding: 10px;
    overflow-x: auto;
    font-family: monospace;
}

/* General body styling */
body {
    font-family: Arial, sans-serif;
    line-height: 1.6;
}

    </style>
</head>
<body>
<p><strong>Summary:</strong> The AI Human Generator is an innovative tool utilizing AI to create photorealistic human faces. Leveraging generative adversarial networks (GANs), it synthesizes images indistinguishable from real humans, offering a resourceful platform for design, art, and research purposes.</p>
<p><strong>Key Points:</strong>
- <strong>GAN Technology:</strong> Utilizes advanced GAN technology for image synthesis.
- <strong>Realistic Outputs:</strong> Generates lifelike and diverse human faces.
- <strong>Design &amp; Artistry:</strong> Beneficial for graphic designers, artists, and researchers.
- <strong>Customization:</strong> Provides options to tailor features and characteristics.</p>
<p><strong>Pros and Cons:</strong>
| Pros                                     | Cons                                            |
| ---------------------------------------- | ------------------------------------------------ |
| High-quality, photorealistic outputs      | Potential ethical concerns over image usage       |
| Diverse range of facial features          | Limited customization for specific details        |
| Valuable resource for design and artistry | Possible biases in generated facial characteristics|</p>
<p><strong>Tips for the Reader</strong> üí°
Explore the customization options to create varied and unique faces. Exercise caution regarding ethical considerations and possible biases in generated images.</p>
<h3>Examples</h3>
<h4>Example 1: Generating a Young Adult Face</h4>
<p><em>Prompt: Young Adult Face Generation</em></p>
<p><strong>Input</strong></p>
<pre class=""codehilite""><code class=""language-dart"">Select age range, gender, and ethnicity preferences.
</code></pre>

<p><strong>Output</strong></p>
<pre class=""codehilite""><code class=""language-dart"">Synthesized image displaying a young adult face based on the provided preferences.
</code></pre>

<h4>Example 2: Crafting a Diverse Range of Faces</h4>
<p><em>Prompt: Diverse Face Generation</em></p>
<p><strong>Input</strong></p>
<pre class=""codehilite""><code class=""language-dart"">Specify a mix of different ethnicities and ages for a diverse face set.
</code></pre>

<p><strong>Output</strong></p>
<pre class=""codehilite""><code class=""language-dart"">Multiple images showcasing a diverse range of facial characteristics.
</code></pre>

<p>üëâ <a href=""https://generated.photos/human-generator/""><strong>Try AI Human Generator for yourself</strong></a></p>
<p>URL Address of the AI Topic/vendor: <a href=""https://generated.photos/human-generator"">AI Human Generator</a></p>
<hr />
<p><strong>Follow our Social Media for more information</strong>
- <a href=""https://www.facebook.com/groups/trionxai"">FB group</a> üîç
- <a href=""https://www.facebook.com/ai.trionxai"">FB page</a> üìò
- <a href=""https://www.instagram.com/trionxai/"">Instagram</a> üì∏
- <a href=""https://www.youtube.com/@robotdocs/"">Youtube</a> üìπ</p>
<p><img alt=""Dall-E 3 Image Prompt"" src=""insert_image_URL_here_if_applicable"" /></p>
<p><strong>Note:</strong> Replace ""insert_image_URL_here_if_applicable"" with the relevant Dall-E 3 image prompt URL.</p>
</body>
</html>","<!DOCTYPE html>
<html>
<head>
    
    <meta http-equiv=""Content-type"" content=""text/html;charset=UT...",,ai-human-generator-crafting-realistic-ai-powered-faces,trioadmin,publish,https://dev.trionxai.com/wp-content/uploads/ai-image.webp,standard,open,open,,,,,,,,,,,,,,,,,,,,,,,,"index, follow",no,no,no,no,-1,-1,large,pre,AI,,,1,,,1,,,,,,,,,,,,,1,,,,,,,,,,,,,,,,,,,,,,,template1,,,,
AI Product Photos: Transforming Product Imagery with AI,,"<!DOCTYPE html>
<html>
<head>
    
    <meta http-equiv=""Content-type"" content=""text/html;charset=UTF-8"">
    <style>
    
/* Table styles */
table {
    border-collapse: collapse;
    width: 100%;
    margin-bottom: 1em;
}
th, td {
    border: 1px solid #dddddd;
    text-align: left;
    padding: 8px;
}

/* Code block styles */
pre, code {
    background-color: #f5f5f5;
    border: 1px solid #cccccc;
    display: block;
    padding: 10px;
    overflow-x: auto;
    font-family: monospace;
}

/* General body styling */
body {
    font-family: Arial, sans-serif;
    line-height: 1.6;
}

    </style>
</head>
<body>
<p>AI Product Photos is revolutionizing the way product imagery is created, utilizing advanced AI technology to generate high-quality and visually appealing product photos. This article explores how AI Product Photos enhances online product presentations, streamlines the photo creation process, and offers scalable solutions for businesses of all sizes.</p>
<h2>Key Points</h2>
<ul>
<li><strong>Advanced AI Technology</strong>: Understanding the AI algorithms behind AI Product Photos.</li>
<li><strong>High-Quality Imagery</strong>: Delivering professional-grade product photos.</li>
<li><strong>Efficiency and Scalability</strong>: Streamlining photo production for businesses.</li>
</ul>
<h2>Pros and Cons</h2>
<table>
<thead>
<tr>
<th>Pros</th>
<th>Cons</th>
</tr>
</thead>
<tbody>
<tr>
<td>Consistent High-Quality Images</td>
<td>Limited to AI's Understanding of Creativity</td>
</tr>
<tr>
<td>Fast and Cost-Effective Production</td>
<td>Dependence on Digital Platforms</td>
</tr>
<tr>
<td>Scalable Solutions for All Businesses</td>
<td>Requires Specific Data Inputs for Best Results</td>
</tr>
</tbody>
</table>
<h2>Tips for the Reader üì∏</h2>
<ul>
<li>ü§ñ Experiment with AI Product Photos to find the best settings for your products.</li>
<li>üîç Focus on the unique features of your products to enhance photo quality.</li>
<li>üîÑ Regularly update your product imagery to keep your online presence fresh.</li>
</ul>
<h2>Examples</h2>
<h3>Example 1: E-commerce Product Showcase</h3>
<ul>
<li><strong>Input</strong>: Creating images for an online store‚Äôs product catalog.</li>
<li><strong>Output</strong>: AI Product Photos generates a series of high-resolution, detailed images that highlight the products' features and appeal.</li>
</ul>
<h3>Example 2: Marketing Campaign Imagery</h3>
<ul>
<li><strong>Input</strong>: Developing visuals for a new marketing campaign.</li>
<li><strong>Output</strong>: AI Product Photos produces a range of creative and eye-catching images that align with the campaign's theme and objectives.</li>
</ul>
<p>üëâ <a href=""https://creatorkit.com/"" target=""_blank""><strong>Try for yourself</strong></a></p>
<h2>URL Address</h2>
<p><a href=""https://creatorkit.com/"" target=""_blank"">AI Product Photos Official Website</a></p>
<hr />
<p><strong>Follow Our Social Media for More Information:</strong>
- üìò <a href=""https://www.facebook.com/groups/trionxai"" target=""_blank"">FB group: TrionxAI Group</a>
- üëç <a href=""https://www.facebook.com/ai.trionxai"" target=""_blank"">FB page: TrionxAI Page</a>
- üì∏ <a href=""https://www.instagram.com/trionxai/"" target=""_blank"">Instagram: TrionxAI</a>
- ‚ñ∂Ô∏è <a href=""https://www.youtube.com/@robotdocs/"" target=""_blank"">YouTube: TrionxAI YouTube</a></p>
<hr />
<h2></h2>
<p>AI Product Photos, Product Photography, AI in E-commerce, Marketing Imagery, Digital Photography, Product Presentation, ...</p>
<h2>Image Prompt for Dall-E 3</h2>
<p>""A display of diverse and high-quality product photos created by AI Product Photos, showcasing the variety and precision of AI-generated imagery.""</p>
</body>
</html>","<!DOCTYPE html>
<html>
<head>
    
    <meta http-equiv=""Content-type"" content=""text/html;charset=UT...",,ai-product-photos-transforming-product-imagery-with-ai,trioadmin,publish,https://dev.trionxai.com/wp-content/uploads/ai-image.webp,standard,open,open,,,,,,,,,,,,,,,,,,,,,,,,"index, follow",no,no,no,no,-1,-1,large,Product,AI,,,1,,,1,,,,,,,,,,,,,1,,,,,,,,,,,,,,,,,,,,,,,template1,,,,
Unlocking AI Reality: Revolutionizing Microcontrollers and Microprocessors,,"<!DOCTYPE html>
<html>
<head>
    
    <meta http-equiv=""Content-type"" content=""text/html;charset=UTF-8"">
    <style>
    
/* Table styles */
table {
    border-collapse: collapse;
    width: 100%;
    margin-bottom: 1em;
}
th, td {
    border: 1px solid #dddddd;
    text-align: left;
    padding: 8px;
}

/* Code block styles */
pre, code {
    background-color: #f5f5f5;
    border: 1px solid #cccccc;
    display: block;
    padding: 10px;
    overflow-x: auto;
    font-family: monospace;
}

/* General body styling */
body {
    font-family: Arial, sans-serif;
    line-height: 1.6;
}

    </style>
</head>
<body>
<p><strong>Summary:</strong> AI Reality by Renesas is an innovative technological advancement that transforms microcontrollers and microprocessors, infusing them with AI capabilities. This integration augments devices with enhanced decision-making, pattern recognition, and autonomous functionality, fostering a new era of intelligent hardware.</p>
<p><strong>Key Points:</strong>
- <strong>AI-Infused Hardware:</strong> Seamlessly embeds AI functionalities into microcontrollers and processors.
- <strong>Enhanced Decision-making:</strong> Empowers devices with smart, autonomous decision-making abilities.
- <strong>Pattern Recognition:</strong> Enables devices to recognize and respond to complex patterns in real-time.
- <strong>Intelligent Autonomous Systems:</strong> Promotes the development of intelligent, self-driven systems.</p>
<p><strong>Pros and Cons:</strong>
| Pros                                   | Cons                                          |
| -------------------------------------- | ---------------------------------------------- |
| Augmented device functionality          | Initial learning curve for AI integration      |
| Improved decision-making capabilities   | Hardware compatibility for AI-enabled systems  |
| Real-time pattern recognition           | Potential system complexities for extensive AI integration |</p>
<p><strong>Tips for the Reader</strong> üí°
Explore Renesas' resources and forums for detailed guidance on integrating AI Reality into your hardware projects. Begin with simple implementations before scaling to complex AI-driven systems.</p>
<h3>Examples</h3>
<h4>Example 1: AI-Enabled Microcontroller for Autonomous Systems</h4>
<p><em>Prompt: Intelligent Decision-making</em></p>
<p><strong>Input</strong></p>
<pre class=""codehilite""><code class=""language-dart"">Embed AI Reality into microcontrollers for autonomous vehicle decision-making.
</code></pre>

<p><strong>Output</strong></p>
<pre class=""codehilite""><code class=""language-dart"">Microcontroller capable of real-time, AI-powered decision-making for autonomous vehicles.
</code></pre>

<h4>Example 2: AI-Infused Processor for Pattern Recognition</h4>
<p><em>Prompt: Real-time Pattern Analysis</em></p>
<p><strong>Input</strong></p>
<pre class=""codehilite""><code class=""language-dart"">Implement AI Reality into processors for real-time pattern recognition in industrial machinery.
</code></pre>

<p><strong>Output</strong></p>
<pre class=""codehilite""><code class=""language-dart"">Processor equipped with AI to recognize and respond to intricate patterns in industrial processes.
</code></pre>

<p>üëâ <a href=""https://www.renesas.com/us/en/products/microcontrollers-microprocessors/reality-ai""><strong>Try AI Reality for yourself</strong></a></p>
<p>URL Address of the AI Topic / vendor: <a href=""https://www.renesas.com/us/en/products/microcontrollers-microprocessors/reality-ai"">Renesas - AI Reality</a></p>
<hr />
<p><strong>Follow our Social Media for more information</strong>
- <a href=""https://www.facebook.com/groups/trionxai"">FB group</a> üîç
- <a href=""https://www.facebook.com/ai.trionxai"">FB page</a> üìò
- <a href=""https://www.instagram.com/trionxai/"">Instagram</a> üì∏
- <a href=""https://www.youtube.com/@robotdocs/"">Youtube</a> üìπ</p>
<p><img alt=""Dall-E 3 Image Prompt"" src=""insert_image_URL_here_if_applicable"" /></p>
<p><strong>Note:</strong> Replace ""insert_image_URL_here_if_applicable"" with the relevant Dall-E 3 image prompt URL.</p>
</body>
</html>","<!DOCTYPE html>
<html>
<head>
    
    <meta http-equiv=""Content-type"" content=""text/html;charset=UT...",,unlocking-ai-reality-revolutionizing-microcontrollers-and-microprocessors,trioadmin,publish,https://dev.trionxai.com/wp-content/uploads/aireality.webp,standard,open,open,,,,,,,,,,,,,,,,,,,,,,,,"index, follow",no,no,no,no,-1,-1,large,AI,AI,,,1,,,1,,,,,,,,,,,,,1,,,,,,,,,,,,,,,,,,,,,,,template1,,,,
AI Time Machine: Rediscover History through AI-Powered Imagery,,"<!DOCTYPE html>
<html>
<head>
    
    <meta http-equiv=""Content-type"" content=""text/html;charset=UTF-8"">
    <style>
    
/* Table styles */
table {
    border-collapse: collapse;
    width: 100%;
    margin-bottom: 1em;
}
th, td {
    border: 1px solid #dddddd;
    text-align: left;
    padding: 8px;
}

/* Code block styles */
pre, code {
    background-color: #f5f5f5;
    border: 1px solid #cccccc;
    display: block;
    padding: 10px;
    overflow-x: auto;
    font-family: monospace;
}

/* General body styling */
body {
    font-family: Arial, sans-serif;
    line-height: 1.6;
}

    </style>
</head>
<body>
<p><strong>Summary:</strong> AI Time Machine by MyHeritage is a groundbreaking tool that utilizes AI to animate and colorize historical photos. This platform allows users to breathe life into old images by animating faces, providing a unique glimpse into the past with vividly enhanced imagery.</p>
<p><strong>Key Points:</strong>
- <strong>AI-Powered Image Animation:</strong> Utilizes AI algorithms to animate faces in historical photos.
- <strong>Image Colorization Technology:</strong> Adds color to black and white photos, enhancing visual quality.
- <strong>Historical Image Enhancement:</strong> Offers tools for enhancing and bringing clarity to old and damaged images.
- <strong>Personalized Family History Exploration:</strong> Allows users to explore family history through enhanced visualizations.</p>
<p><strong>Pros and Cons:</strong>
| Pros                                     | Cons                                       |
| ---------------------------------------- | ------------------------------------------- |
| AI-powered historical image enhancements | Limitations in accuracy for facial animations|
| Colorization of black and white photos   | Quality may vary based on image conditions   |
| Family history exploration through images| Limited customization for animated faces      |</p>
<p><strong>Tips for the Reader</strong> üí°
Experience history in a new light with AI Time Machine. Explore the tool to rediscover and visualize the past with AI enhancements.</p>
<h3>Examples</h3>
<h4>Example 1: Image Colorization</h4>
<p><em>Prompt: Colorization of Old Photo</em></p>
<p><strong>Input</strong></p>
<pre class=""codehilite""><code class=""language-dart"">Black and white historical photo
</code></pre>

<p><strong>Output</strong></p>
<pre class=""codehilite""><code class=""language-dart"">Colorized version of the historical photo
</code></pre>

<h4>Example 2: Facial Animation</h4>
<p><em>Prompt: Animation of Historical Portrait</em></p>
<p><strong>Input</strong></p>
<pre class=""codehilite""><code class=""language-dart"">Historical portrait photo
</code></pre>

<p><strong>Output</strong></p>
<pre class=""codehilite""><code class=""language-dart"">Animated version of the historical portrait photo
</code></pre>

<p>üëâ <a href=""https://www.myheritage.com/ai-time-machine""><strong>Try AI Time Machine for yourself</strong></a></p>
<p>URL Address of the AI Topic/vendor: <a href=""https://www.myheritage.com/ai-time-machine"">AI Time Machine by MyHeritage</a></p>
<hr />
<p><strong>Follow our Social Media for more information</strong>
- <a href=""https://www.facebook.com/groups/trionxai"">FB group</a> üîç
- <a href=""https://www.facebook.com/ai.trionxai"">FB page</a> üìò
- <a href=""https://www.instagram.com/trionxai/"">Instagram</a> üì∏
- <a href=""https://www.youtube.com/@robotdocs/"">Youtube</a> üìπ</p>
<p><img alt=""Dall-E 3 Image Prompt"" src=""insert_image_URL_here_if_applicable"" /></p>
<p><strong>Note:</strong> Replace ""insert_image_URL_here_if_applicable"" with the relevant Dall-E 3 image prompt URL.</p>
</body>
</html>","<!DOCTYPE html>
<html>
<head>
    
    <meta http-equiv=""Content-type"" content=""text/html;charset=UT...",,ai-time-machine-rediscover-history-through-ai-powered-imagery,trioadmin,publish,https://dev.trionxai.com/wp-content/uploads/aitimemachine.webp,standard,open,open,,,,,,,,,,,,,,,,,,,,,,,,"index, follow",no,no,no,no,-1,-1,large,AI,AI,,,1,,,1,,,,,,,,,,,,,1,,,,,,,,,,,,,,,,,,,,,,,template1,,,,
Amazing AI: Transforming the Future with Intelligent Technology,,"<!DOCTYPE html>
<html>
<head>
    
    <meta http-equiv=""Content-type"" content=""text/html;charset=UTF-8"">
    <style>
    
/* Table styles */
table {
    border-collapse: collapse;
    width: 100%;
    margin-bottom: 1em;
}
th, td {
    border: 1px solid #dddddd;
    text-align: left;
    padding: 8px;
}

/* Code block styles */
pre, code {
    background-color: #f5f5f5;
    border: 1px solid #cccccc;
    display: block;
    padding: 10px;
    overflow-x: auto;
    font-family: monospace;
}

/* General body styling */
body {
    font-family: Arial, sans-serif;
    line-height: 1.6;
}

    </style>
</head>
<body>
<h2>Summary:</h2>
<p>Amazing AI is a cutting-edge platform that showcases the latest advancements in artificial intelligence. It offers a suite of AI tools and applications designed to transform various sectors, including healthcare, finance, and education. With its focus on innovation, Amazing AI is committed to making AI technology accessible and impactful for businesses and individuals alike.</p>
<h2>Key Points:</h2>
<ul>
<li>Wide range of AI tools and applications.</li>
<li>Applications in healthcare, finance, education, and more.</li>
<li>User-friendly interface and accessible technology.</li>
</ul>
<h2>Pros and Cons:</h2>
<table>
<thead>
<tr>
<th>Pros</th>
<th>Cons</th>
</tr>
</thead>
<tbody>
<tr>
<td>Diverse range of applications</td>
<td>Complexity of some tools for beginners</td>
</tr>
<tr>
<td>High accuracy and efficiency</td>
<td>May require significant data input</td>
</tr>
<tr>
<td>Strong customer support</td>
<td>Can be resource-intensive</td>
</tr>
</tbody>
</table>
<h2>üåü Tips for the Reader:</h2>
<ul>
<li>ü§ñ Start with basic tools to understand AI capabilities.</li>
<li>üìä Use Amazing AI for data-driven insights and decision making.</li>
<li>üöÄ Keep abreast of updates to leverage new features.</li>
</ul>
<p>üîµ <strong>Make the most of Amazing AI with these tips!</strong></p>
<h2>Examples:</h2>
<h3>Example 1: AI in Healthcare</h3>
<ul>
<li><strong>Prompt:</strong> Enhancing Patient Care</li>
<li><strong>Input:</strong> Patient data and medical history.</li>
<li><strong>Output:</strong> Tailored treatment plans and predictive healthcare insights.</li>
</ul>
<h3>Example 2: AI in Finance</h3>
<ul>
<li><strong>Prompt:</strong> Financial Forecasting</li>
<li><strong>Input:</strong> Market data and financial trends.</li>
<li><strong>Output:</strong> Predictive financial models and investment insights.</li>
</ul>
<p>üëâ <strong><a href=""https://www.futuretools.io/tools/amazing-ai"">Try for yourself</a></strong></p>
<p><strong>Explore the capabilities of Amazing AI!</strong></p>
<h2>URL Address of Amazing AI:</h2>
<ul>
<li><a href=""insert-your-url-here"">Amazing AI Official Site</a></li>
</ul>
<hr />
<h2>Connect With Us on Social Media:</h2>
<ul>
<li>üìò FB group: <a href=""https://www.facebook.com/groups/trionxai"">Join Our Facebook Group</a></li>
<li>üìñ FB page: <a href=""https://www.facebook.com/ai.trionxai"">Like Our Facebook Page</a></li>
<li>üì∏ Instagram: <a href=""https://www.instagram.com/trionxai/"">Follow Us on Instagram</a></li>
<li>üìπ Youtube: <a href=""https://www.youtube.com/@robotdocs/"">Subscribe to Our YouTube Channel</a></li>
</ul>
<h2></h2>
<p>Amazing AI, artificial intelligence, AI tools, AI technology, AI in healthcare, AI in finance, AI in education, intelligent technology, AI applications, data-driven insights, predictive analytics, AI for business, technology innovation, user-friendly AI, AI platforms, AI advancements, machine learning, digital transformation, smart solutions, AI insights</p>
<hr />
<p><em>Image Prompt for Dall-E 3: ""A conceptual illustration showcasing the diverse applications of Amazing AI in various sectors like healthcare, finance, and education, depicted in an advanced and futuristic digital art style.""</em></p>
<p><img alt=""Alt text"" src=""amazin.png"" /></p>
<p><img alt=""Alt text"" src=""amazing ai.png"" /></p>
</body>
</html>","<!DOCTYPE html>
<html>
<head>
    
    <meta http-equiv=""Content-type"" content=""text/html;charset=UT...",,amazing-ai-transforming-the-future-with-intelligent-technology,trioadmin,publish,https://dev.trionxai.com/wp-content/uploads/ai-image.webp,standard,open,open,,,,,,,,,,,,,,,,,,,,,,,,"index, follow",no,no,no,no,-1,-1,large,AI,AI,"Amazing AI, artificial intelligence, AI tools, AI technology, AI in healthcare, AI in finance, AI in education, intelligent technology, AI applications, data-driven insights, predictive analytics, AI for business, technology innovation, user-friendly AI, AI platforms, AI advancements, machine learning, digital transformation, smart solutions, AI insights",,1,,,1,,,,,,,,,,,,,1,,,,,,,,,,,,,,,,,,,,,,,template1,,,,
Astria: Pioneering AI in Spatial Computing,,"<!DOCTYPE html>
<html>
<head>
    
    <meta http-equiv=""Content-type"" content=""text/html;charset=UTF-8"">
    <style>
    
/* Table styles */
table {
    border-collapse: collapse;
    width: 100%;
    margin-bottom: 1em;
}
th, td {
    border: 1px solid #dddddd;
    text-align: left;
    padding: 8px;
}

/* Code block styles */
pre, code {
    background-color: #f5f5f5;
    border: 1px solid #cccccc;
    display: block;
    padding: 10px;
    overflow-x: auto;
    font-family: monospace;
}

/* General body styling */
body {
    font-family: Arial, sans-serif;
    line-height: 1.6;
}

    </style>
</head>
<body>
<p>Astria is at the forefront of integrating AI with spatial computing, offering innovative solutions that transform how we interact with digital environments. This article delves into Astria's groundbreaking technology, its applications, and the impact it's making in the realm of spatial computing, enhancing both virtual and augmented reality experiences.</p>
<h2>Key Points</h2>
<ul>
<li><strong>Innovative Integration of AI and Spatial Computing</strong>: Exploring Astria's unique approach.</li>
<li><strong>Enhancing AR and VR Experiences</strong>: How Astria improves virtual and augmented reality.</li>
<li><strong>Wide Range of Applications</strong>: From gaming to professional training and beyond.</li>
</ul>
<h2>Pros and Cons</h2>
<table>
<thead>
<tr>
<th>Pros</th>
<th>Cons</th>
</tr>
</thead>
<tbody>
<tr>
<td>Advanced AR/VR Experiences</td>
<td>High Technical Resource Requirements</td>
</tr>
<tr>
<td>Versatile Applications Across Industries</td>
<td>Initial Learning Curve for Users</td>
</tr>
<tr>
<td>Improved Interaction with Digital Spaces</td>
<td>Potential for Over-Reliance on Technology</td>
</tr>
</tbody>
</table>
<h2>Tips for the Reader üåå</h2>
<ul>
<li>üöÄ Dive into Astria‚Äôs technology to explore new dimensions in AR and VR.</li>
<li>üîç Focus on how spatial computing can enhance your specific field or interest.</li>
<li>üåê Stay informed about the latest developments in AI and spatial computing for cutting-edge experiences.</li>
</ul>
<h2>Examples</h2>
<h3>Example 1: Virtual Training Programs</h3>
<ul>
<li><strong>Input</strong>: Creating a training program for complex machinery operation.</li>
<li><strong>Output</strong>: Astria develops a detailed VR environment that simulates the machinery, providing hands-on training without the risks.</li>
</ul>
<h3>Example 2: Enhanced Gaming Experience</h3>
<ul>
<li><strong>Input</strong>: Developing an immersive gaming environment.</li>
<li><strong>Output</strong>: Astria creates a rich, interactive VR world, heightening the gaming experience with realistic and responsive elements.</li>
</ul>
<p>üëâ <a href=""https://www.astria.ai/"" target=""_blank""><strong>Try for yourself</strong></a></p>
<h2>URL Address</h2>
<p><a href=""https://www.astria.ai/"" target=""_blank"">Astria Official Website</a></p>
<hr />
<p><strong>Follow Our Social Media for More Information:</strong>
- üìò <a href=""https://www.facebook.com/groups/trionxai"" target=""_blank"">FB group: TrionxAI Group</a>
- üëç <a href=""https://www.facebook.com/ai.trionxai"" target=""_blank"">FB page: TrionxAI Page</a>
- üì∏ <a href=""https://www.instagram.com/trionxai/"" target=""_blank"">Instagram: TrionxAI</a>
- ‚ñ∂Ô∏è <a href=""https://www.youtube.com/@robotdocs/"" target=""_blank"">YouTube: TrionxAI YouTube</a></p>
<hr />
<h2></h2>
<p>Astria, Spatial Computing, AI Technology, Augmented Reality, Virtual Reality, Digital Interaction, Advanced Computing, ...</p>
<h2>Image Prompt for Dall-E 3</h2>
<p>""An immersive virtual reality scene created by Astria, illustrating the seamless integration of AI and spatial computing in an interactive environment.""</p>
</body>
</html>","<!DOCTYPE html>
<html>
<head>
    
    <meta http-equiv=""Content-type"" content=""text/html;charset=UT...",,astria-pioneering-ai-in-spatial-computing,trioadmin,publish,https://dev.trionxai.com/wp-content/uploads/ai-image.webp,standard,open,open,,,,,,,,,,,,,,,,,,,,,,,,"index, follow",no,no,no,no,-1,-1,large,ul,AI,,,1,,,1,,,,,,,,,,,,,1,,,,,,,,,,,,,,,,,,,,,,,template1,,,,
Unleash Your Creativity: AutoDraw's AI-Powered Drawing Revolution,,"<!DOCTYPE html>
<html>
<head>
    
    <meta http-equiv=""Content-type"" content=""text/html;charset=UTF-8"">
    <style>
    
/* Table styles */
table {
    border-collapse: collapse;
    width: 100%;
    margin-bottom: 1em;
}
th, td {
    border: 1px solid #dddddd;
    text-align: left;
    padding: 8px;
}

/* Code block styles */
pre, code {
    background-color: #f5f5f5;
    border: 1px solid #cccccc;
    display: block;
    padding: 10px;
    overflow-x: auto;
    font-family: monospace;
}

/* General body styling */
body {
    font-family: Arial, sans-serif;
    line-height: 1.6;
}

    </style>
</head>
<body>
<p>AutoDraw revolutionizes the drawing experience with its AI-powered platform. This article explores key features, outlines pros and cons, offers valuable tips, and presents real-world examples, unveiling the artistic possibilities AutoDraw brings to creators of all skill levels.</p>
<h4>Key Points</h4>
<ul>
<li>AI-Powered Drawing Revolution</li>
<li>Intuitive Sketch Recognition</li>
<li>Versatile Drawing Tools</li>
<li>Collaborative Art Projects</li>
</ul>
<h4>Pros and Cons</h4>
<table>
<thead>
<tr>
<th>Pros</th>
<th>Cons</th>
</tr>
</thead>
<tbody>
<tr>
<td>Intuitive AI Sketch Recognition</td>
<td>Limited Advanced Drawing Features</td>
</tr>
<tr>
<td>Versatile Drawing Tools</td>
<td>Learning Curve for Complex Sketches</td>
</tr>
<tr>
<td>Collaborative Art Projects</td>
<td>Dependency on Internet Connectivity</td>
</tr>
<tr>
<td>Beginner-Friendly Interface</td>
<td>Limited Export Options</td>
</tr>
</tbody>
</table>
<h4>Tips for the Reader üí°</h4>
<p>Enhance your AutoDraw experience with these tips:
- Experiment with different drawing styles to discover AutoDraw's versatility.
- Collaborate with friends on the platform to create unique and engaging art projects.
- Utilize the AutoDraw community for inspiration and tips.</p>
<h4>Examples</h4>
<h5>Example 1: AI-Powered Sketch Recognition</h5>
<p><strong>Prompt:</strong> Quick Sketch Recognition with AutoDraw</p>
<p><strong>Input:</strong></p>
<pre class=""codehilite""><code class=""language-dart"">import autodraw

sketch = autodraw.create_sketch('QuickRecognition')
autodraw.recognize_sketch(sketch)
</code></pre>

<p><strong>Output:</strong></p>
<pre class=""codehilite""><code class=""language-dart"">AI-powered recognition complete: Instant suggestions for your sketch.
</code></pre>

<h5>Example 2: Collaborative Doodle Project</h5>
<p><strong>Prompt:</strong> Collaborative Doodling on AutoDraw</p>
<p><strong>Input:</strong></p>
<pre class=""codehilite""><code class=""language-dart"">import autodraw

project = autodraw.create_collaborative_project('DoodleFusion')
autodraw.invite_collaborators(project, ['artist1', 'artist2'])
</code></pre>

<p><strong>Output:</strong></p>
<pre class=""codehilite""><code class=""language-dart"">Collaborative doodle project initiated: Artists contributing to a shared canvas.
</code></pre>

<p>üëâ <a href=""https://autodraw.com/"">Try for yourself</a></p>
<h4>URL Address of the AI Topic / Vendor</h4>
<p><a href=""https://autodraw.com/"">AutoDraw</a></p>
<hr />
<p>Follow our Social Media for more information:</p>
<ul>
<li>üìò <a href=""https://www.facebook.com/groups/trionxai"">Facebook Group</a></li>
<li>üìÑ <a href=""https://www.facebook.com/ai.trionxai"">Facebook Page</a></li>
<li>üì∏ <a href=""https://www.instagram.com/trionxai/"">Instagram</a></li>
<li>üé• <a href=""https://www.youtube.com/@robotdocs/"">YouTube</a></li>
</ul>
<h4></h4>
<p>AutoDraw, AI Drawing, Sketch Recognition, Drawing Revolution, Collaborative Art, Artistic Tools, Beginner-Friendly Art, Creative Expression, Drawing Examples, Drawing Tips</p>
</body>
</html>","<!DOCTYPE html>
<html>
<head>
    
    <meta http-equiv=""Content-type"" content=""text/html;charset=UT...",,unleash-your-creativity-autodraws-ai-powered-drawing-revolution,trioadmin,publish,https://dev.trionxai.com/wp-content/uploads/ai-image.webp,standard,open,open,,,,,,,,,,,,,,,,,,,,,,,,"index, follow",no,no,no,no,-1,-1,large,tr,AI,"AutoDraw, AI Drawing, Sketch Recognition, Drawing Revolution, Collaborative Art, Artistic Tools, Beginner-Friendly Art, Creative Expression, Drawing Examples, Drawing Tips",,1,,,1,,,,,,,,,,,,,1,,,,,,,,,,,,,,,,,,,,,,,template1,,,,
Avatar AI: Revolutionizing Digital Presence,,"<!DOCTYPE html>
<html>
<head>
    
    <meta http-equiv=""Content-type"" content=""text/html;charset=UTF-8"">
    <style>
    
/* Table styles */
table {
    border-collapse: collapse;
    width: 100%;
    margin-bottom: 1em;
}
th, td {
    border: 1px solid #dddddd;
    text-align: left;
    padding: 8px;
}

/* Code block styles */
pre, code {
    background-color: #f5f5f5;
    border: 1px solid #cccccc;
    display: block;
    padding: 10px;
    overflow-x: auto;
    font-family: monospace;
}

/* General body styling */
body {
    font-family: Arial, sans-serif;
    line-height: 1.6;
}

    </style>
</head>
<body>
<h2>Summary</h2>
<p>Avatar AI is transforming the way we interact digitally, offering realistic and customizable virtual avatars powered by AI. This article explores the innovative features of Avatar AI, how it's changing the dynamics of online interaction, and its diverse applications in various digital spaces.</p>
<h2>Key Points</h2>
<ul>
<li><strong>Realistic AI-Powered Avatars</strong>: The cutting-edge technology behind Avatar AI's lifelike avatars.</li>
<li><strong>Enhancing Digital Communication</strong>: Improving online interactions in virtual meetings, gaming, and social media.</li>
<li><strong>Customization and Versatility</strong>: Offering a wide range of personalization options for users.</li>
</ul>
<h2>Pros and Cons</h2>
<table>
<thead>
<tr>
<th>Pros</th>
<th>Cons</th>
</tr>
</thead>
<tbody>
<tr>
<td>Enhanced Engagement in Digital Spaces</td>
<td>High Requirement for Technical Resources</td>
</tr>
<tr>
<td>Personalization of Digital Identity</td>
<td>Privacy and Data Security Concerns</td>
</tr>
<tr>
<td>Broad Application Across Various Fields</td>
<td>Potential Loss of Personal Touch in Communication</td>
</tr>
</tbody>
</table>
<h2>Tips for the Reader üåê</h2>
<ul>
<li>ü§ñ Experiment with different avatar styles to find the one that best represents you.</li>
<li>üõ°Ô∏è Be mindful of privacy when creating and using digital avatars.</li>
<li>üåü Stay updated with the latest developments in Avatar AI to enhance your digital presence.</li>
</ul>
<h2>Examples</h2>
<h3>Example 1: Virtual Business Meetings</h3>
<ul>
<li><strong>Input</strong>: Hosting an international business meeting online with diverse participants.</li>
<li><strong>Output</strong>: Avatar AI provides realistic and personalized avatars for each participant, making the meeting more engaging and interactive.</li>
</ul>
<h3>Example 2: Social Media Representation</h3>
<ul>
<li><strong>Input</strong>: Enhancing social media profiles with unique avatars.</li>
<li><strong>Output</strong>: Avatar AI creates a virtual representation that accurately reflects the user's personality and style.</li>
</ul>
<p>üëâ <a href=""https://facestudio.app/"" target=""_blank""><strong>Try for yourself</strong></a></p>
<h2>URL Address</h2>
<p><a href=""https://facestudio.app/"" target=""_blank"">Avatar AI Official Website</a></p>
<hr />
<p><strong>Follow Our Social Media for More Information:</strong>
- üìò <a href=""https://www.facebook.com/groups/trionxai"" target=""_blank"">FB group: TrionxAI Group</a>
- üëç <a href=""https://www.facebook.com/ai.trionxai"" target=""_blank"">FB page: TrionxAI Page</a>
- üì∏ <a href=""https://www.instagram.com/trionxai/"" target=""_blank"">Instagram: TrionxAI</a>
- ‚ñ∂Ô∏è <a href=""https://www.youtube.com/@robotdocs/"" target=""_blank"">YouTube: TrionxAI YouTube</a></p>
<hr />
<h2></h2>
<p>Avatar AI, Virtual Avatars, Digital Presence, AI in Communication, Personalized Avatars, Virtual Interaction, ...</p>
<h2>Image Prompt for Dall-E 3</h2>
<p>""A series of diverse, AI-generated virtual avatars in various digital settings, showcasing the capabilities and creativity of Avatar AI.""</p>
</body>
</html>","<!DOCTYPE html>
<html>
<head>
    
    <meta http-equiv=""Content-type"" content=""text/html;charset=UT...",,avatar-ai-revolutionizing-digital-presence,trioadmin,publish,https://dev.trionxai.com/wp-content/uploads/ai-image.webp,standard,open,open,,,,,,,,,,,,,,,,,,,,,,,,"index, follow",no,no,no,no,-1,-1,large,AI,AI,,,1,,,1,,,,,,,,,,,,,1,,,,,,,,,,,,,,,,,,,,,,,template1,,,,
Bannerbear: Automating Design with AI,,"<!DOCTYPE html>
<html>
<head>
    
    <meta http-equiv=""Content-type"" content=""text/html;charset=UTF-8"">
    <style>
    
/* Table styles */
table {
    border-collapse: collapse;
    width: 100%;
    margin-bottom: 1em;
}
th, td {
    border: 1px solid #dddddd;
    text-align: left;
    padding: 8px;
}

/* Code block styles */
pre, code {
    background-color: #f5f5f5;
    border: 1px solid #cccccc;
    display: block;
    padding: 10px;
    overflow-x: auto;
    font-family: monospace;
}

/* General body styling */
body {
    font-family: Arial, sans-serif;
    line-height: 1.6;
}

    </style>
</head>
<body>
<p>Bannerbear is revolutionizing the way businesses approach graphic design by automating the creation of visual content. This innovative platform uses AI to generate high-quality, customizable designs for various purposes, significantly speeding up the design process while maintaining creativity and brand consistency.</p>
<h2>Key Points</h2>
<ul>
<li><strong>AI-Powered Design Automation</strong>: How Bannerbear automates and simplifies graphic design tasks.</li>
<li><strong>Customization and Brand Alignment</strong>: Offering tools for personalized and brand-consistent designs.</li>
<li><strong>Efficient Content Creation for Businesses</strong>: Streamlining the creation of marketing materials, social media content, and more.</li>
</ul>
<h2>Pros and Cons</h2>
<table>
<thead>
<tr>
<th>Pros</th>
<th>Cons</th>
</tr>
</thead>
<tbody>
<tr>
<td>Rapid Design Process and Time-Saving</td>
<td>Limited to the Flexibility of Templates</td>
</tr>
<tr>
<td>Consistent Branding Across Designs</td>
<td>May Require Fine-Tuning for Specific Needs</td>
</tr>
<tr>
<td>Scalability for Various Business Sizes</td>
<td>Reduced Creative Input in Automated Designs</td>
</tr>
</tbody>
</table>
<h2>Tips for the Reader üé®</h2>
<ul>
<li>üöÄ Leverage Bannerbear to automate repetitive design tasks.</li>
<li>üîç Ensure your branding elements are well-defined for consistent outputs.</li>
<li>üîÑ Regularly update your design preferences and templates for fresh content.</li>
</ul>
<h2>Examples</h2>
<h3>Example 1: Social Media Campaigns</h3>
<ul>
<li><strong>Input</strong>: Creating a series of branded social media posts.</li>
<li><strong>Output</strong>: Bannerbear automatically generates a set of visually cohesive and engaging posts tailored to the brand's aesthetic.</li>
</ul>
<h3>Example 2: Marketing Material Production</h3>
<ul>
<li><strong>Input</strong>: Designing various marketing materials for a product launch.</li>
<li><strong>Output</strong>: Bannerbear streamlines the creation of banners, flyers, and digital ads, maintaining brand consistency across all materials.</li>
</ul>
<p>üëâ <a href=""https://www.bannerbear.com/"" target=""_blank""><strong>Try for yourself</strong></a></p>
<h2>URL Address</h2>
<p><a href=""https://www.bannerbear.com/"" target=""_blank"">Bannerbear Official Website</a></p>
<hr />
<p><strong>Follow Our Social Media for More Information:</strong>
- üìò <a href=""https://www.facebook.com/groups/trionxai"" target=""_blank"">FB group: TrionxAI Group</a>
- üëç <a href=""https://www.facebook.com/ai.trionxai"" target=""_blank"">FB page: TrionxAI Page</a>
- üì∏ <a href=""https://www.instagram.com/trionxai/"" target=""_blank"">Instagram: TrionxAI</a>
- ‚ñ∂Ô∏è <a href=""https://www.youtube.com/@robotdocs/"" target=""_blank"">YouTube: TrionxAI YouTube</a></p>
<hr />
<h2></h2>
<p>Bannerbear, Automated Design, AI Graphic Design, Marketing Automation, Social Media Content, Brand Consistency, ...</p>
<h2>Image Prompt for Dall-E 3</h2>
<p>""Display of diverse digital marketing materials and social media posts created by Bannerbear, illustrating its automation and branding capabilities.""</p>
</body>
</html>","<!DOCTYPE html>
<html>
<head>
    
    <meta http-equiv=""Content-type"" content=""text/html;charset=UT...",,bannerbear-automating-design-with-ai,trioadmin,publish,https://dev.trionxai.com/wp-content/uploads/ai-image.webp,standard,open,open,,,,,,,,,,,,,,,,,,,,,,,,"index, follow",no,no,no,no,-1,-1,large,ul,AI,,,1,,,1,,,,,,,,,,,,,1,,,,,,,,,,,,,,,,,,,,,,,template1,,,,
Bing Create: A Comprehensive Overview,,"<!DOCTYPE html>
<html>
<head>
    
    <meta http-equiv=""Content-type"" content=""text/html;charset=UTF-8"">
    <style>
    
/* Table styles */
table {
    border-collapse: collapse;
    width: 100%;
    margin-bottom: 1em;
}
th, td {
    border: 1px solid #dddddd;
    text-align: left;
    padding: 8px;
}

/* Code block styles */
pre, code {
    background-color: #f5f5f5;
    border: 1px solid #cccccc;
    display: block;
    padding: 10px;
    overflow-x: auto;
    font-family: monospace;
}

/* General body styling */
body {
    font-family: Arial, sans-serif;
    line-height: 1.6;
}

    </style>
</head>
<body>
<p><strong>Summary:</strong><br />
Bing Create is a revolutionary tool designed for content creation, leveraging the power of AI to optimize and streamline the creative process. It offers a unique blend of features including AI-driven content suggestions, seamless integration with various data sources, and an intuitive user interface, making it an invaluable asset for content creators.</p>
<p><strong>Key Points:</strong>
- AI-driven content suggestions.
- Integration with multiple data sources.
- User-friendly interface.
- Customizable content creation.</p>
<p><strong>Pros and Cons:</strong>
| Pros                       | Cons                          |
| -------------------------- | ----------------------------- |
| Advanced AI capabilities   | Learning curve for beginners  |
| Seamless data integration  | Subscription cost             |
| Intuitive user interface   | Limited customization options |</p>
<p><strong>Tips for the Reader:</strong> üí°
- Start with simple projects to familiarize yourself with the interface.
- Utilize the AI suggestions to enhance your content.
- Regularly update the software to access new features.
- Remember to back up your projects regularly.<br />
<em>Tip: Experiment with different data sources to maximize the tool's potential.</em>  </p>
<p>üîµ <em>These tips are best followed with a proactive and open-minded approach.</em></p>
<p><strong>Examples:</strong></p>
<p><em>Example 1: Enhancing Blog Content - Bing Create</em><br />
<strong>Input:</strong><br />
""Generate ideas for a blog post about sustainable living.""<br />
<strong>Output:</strong><br />
""1. '5 Easy Ways to Reduce Your Carbon Footprint.'<br />
2. 'Sustainable Living: A Guide to Eco-Friendly Practices.'<br />
3. 'The Impact of Recycling: Myths and Facts.'""</p>
<p><em>Example 2: Creating Social Media Posts - Bing Create</em><br />
<strong>Input:</strong><br />
""Design a catchy social media post for an eco-friendly product.""<br />
<strong>Output:</strong><br />
""'Green is the New Black: Discover Our Eco-Friendly Bags!' with vibrant visuals of reusable bags.""</p>
<p><em>Example 3: Business Report Drafting - Bing Create</em><br />
<strong>Input:</strong><br />
""Draft an outline for a business report on renewable energy trends.""<br />
<strong>Output:</strong><br />
""1. Introduction to Renewable Energy.<br />
2. Current Trends in Solar and Wind Power.<br />
3. Future Projections and Market Analysis.""</p>
<p>‚û°Ô∏è <strong><a href=""insert-your-url-here"">Try for yourself</a></strong><br />
<em>Make sure to explore the full capabilities of Bing Create!</em></p>
<p><strong>URL Address of Bing Create:</strong><br />
<a href=""https://www.bing.com/create?toWww=1&amp;redig=40597DFF671B40C18B6D266F56FBDFBE"">https://www.bing.com/create?toWww=1&amp;redig=40597DFF671B40C18B6D266F56FBDFBE</a></p>
<hr />
<p><strong>Follow our Social Media for more information:</strong><br />
- üìò FB group: <a href=""https://www.facebook.com/groups/trionxai"">https://www.facebook.com/groups/trionxai</a>
- üìÑ FB page: <a href=""https://www.facebook.com/ai.trionxai"">https://www.facebook.com/ai.trionxai</a>
- üì∏ Instagram: <a href=""https://www.instagram.com/trionxai/"">https://www.instagram.com/trionxai/</a>
- üé• Youtube: <a href=""https://www.youtube.com/@robotdocs/"">https://www.youtube.com/@robotdocs/</a></p>
<p>**
Bing Create, AI Content Creation, Blogging Tools, Social Media Automation, Business Intelligence, Data Analysis, User-Friendly Interface, AI Technology, Content Marketing, Digital Tools, Productivity Software, Creative Solutions, Tech Innovations, Sustainable Living, Renewable Energy, Eco-Friendly Products, Business Reports, Learning Curve, Subscription Services, Customization Options.</p>
<p><strong>Image Prompt for Dall-E 3:</strong>
- ""A visual representation of Bing Create's interface, showcasing its AI-driven content suggestion feature.""</p>
</body>
</html>","<!DOCTYPE html>
<html>
<head>
    
    <meta http-equiv=""Content-type"" content=""text/html;charset=UT...",,bing-create-a-comprehensive-overview,trioadmin,publish,https://dev.trionxai.com/wp-content/uploads/ai-image.webp,standard,open,open,,,,,,,,,,,,,,,,,,,,,,,,"index, follow",no,no,no,no,-1,-1,large,Bing,AI,"**  
Bing Create, AI Content Creation, Blogging Tools, Social Media Automation, Business Intelligence, Data Analysis, User-Friendly Interface, AI Technology, Content Marketing, Digital Tools, Productivity Software, Creative Solutions, Tech Innovations, Sustainable Living, Renewable Energy, Eco-Friendly Products, Business Reports, Learning Curve, Subscription Services, Customization Options",,1,,,1,,,,,,,,,,,,,1,,,,,,,,,,,,,,,,,,,,,,,template1,,,,
Default Title,,"<!DOCTYPE html>
<html>
<head>
    
    <meta http-equiv=""Content-type"" content=""text/html;charset=UTF-8"">
    <style>
    
/* Table styles */
table {
    border-collapse: collapse;
    width: 100%;
    margin-bottom: 1em;
}
th, td {
    border: 1px solid #dddddd;
    text-align: left;
    padding: 8px;
}

/* Code block styles */
pre, code {
    background-color: #f5f5f5;
    border: 1px solid #cccccc;
    display: block;
    padding: 10px;
    overflow-x: auto;
    font-family: monospace;
}

/* General body styling */
body {
    font-family: Arial, sans-serif;
    line-height: 1.6;
}

    </style>
</head>
<body>
<p>pip install -r requirements.txt</p>
<p>following module need to install which are in the requirements.txt:
cat .\requirements.txt
colorama==0.4.6
Markdown==3.5.1
numpy==1.26.2
pandas==2.1.3
python-dateutil==2.8.2
pytz==2023.3.post1
six==1.16.0
tzdata==2023.3
(venv) C:\github\ncgcloudhub\scripts\wordpress-md-post-convert [fix-tags +3 ~3 -0 !]&gt; </p>
<p>This pattern:</p>
<p>(?im) sets the regex flags to case-insensitive (i) and multiline (m), which allows ^ to match the start of each line.
^(?:#{2,3} |[*-] )? matches lines starting with ## or ###, and optionally lines starting with * or -.</p>
<p>[.:]? optionally matches a period or colon following the header.
(.*) captures everything after the header until the end of the line.
Make sure you use this pattern with re.search to find the </p>
<p>No, the code won't stop after finding the first tag. It's designed to find the first occurrence of the </p>
<pre class=""codehilite""><code>## 
AI Portrait Generator, digital art, AI algorithms, portrait transformation, creative photography, artistic AI, digital portrait, photo to art, AI art, user-friendly AI tool, digital creativity, photography enhancement, portrait artistry, artistic transformation, AI technology in art, digital portrait creation, AI for artists, creative AI applications, portrait innovation, AI-generated art
</code></pre>

<p>The regular expression will match the entire line after ""## </p>
<p>The <code>break</code> statement in the code is used to exit the loop once the </p>
<p>Here's an example of how the code processes the content:</p>
<pre class=""codehilite""><code class=""language-python"">seo_tags_pattern = re.compile(
    r'(?im)^(?:\#{2,3} |[*-] )?
)
seo_tags = ''
for line in md_lines:
    match = seo_tags_pattern.match(line)
    if match:
        # This captures the entire tags line after the header, not just the first tag.
        seo_tags = match.group(1).strip()
        break  # This exits the loop after the first occurrence of the 
</code></pre>

<p>In this case, <code>seo_tags</code> will contain the full string of tags, which should then be cleaned up to remove any unwanted characters before being added to the <code>post_tag</code> field in the CSV.</p>
<p>Certainly! Error handling in Python can be done using <code>try...except</code> blocks. You can catch specific exceptions and provide user-friendly messages for them. For a <code>PermissionError</code>, you can modify your <code>main</code> function like this:</p>
<pre class=""codehilite""><code class=""language-python"">def main():
    directory = 'C:/github/ncgcloudhub/scripts/wordpress-md-post-convert/'
    markdown_files = glob.glob(os.path.join(directory, '*.md'))
    output_csv_file_name = 'output.csv'
    csv_file_path = os.path.join(directory, output_csv_file_name)

    try:
        # Existing code to read headers and process markdown files
        # ...

        with open(csv_file_path, 'a', newline='', encoding='utf-8') as csv_file:
            writer = csv.DictWriter(csv_file, fieldnames=headers)
            # Rest of your code for writing to CSV
            # ...

    except PermissionError as e:
        print(f&quot;Permission error: Your file {output_csv_file_name} is open. Please make sure to close your file and re-run the script.&quot;)
        return  # or sys.exit(1) to exit the script entirely

    except FileNotFoundError as e:
        print(f&quot;File not found error: The file {e.filename} does not exist. Please check the path and try again.&quot;)
        return  # or sys.exit(1) to exit the script entirely

    except Exception as e:
        print(f&quot;An unexpected error occurred: {e}&quot;)
        return  # or sys.exit(1) to exit the script entirely

    print(f&quot;CSV file saved as: {csv_file_path}&quot;)

if __name__ == '__main__':
    main()
</code></pre>

<p>This modification will catch the <code>PermissionError</code> and output a friendly message. It will also handle <code>FileNotFoundError</code> for cases where the specified file does not exist, and a general <code>Exception</code> to catch other unforeseen errors. The <code>return</code> statement exits the <code>main</code> function, but you can also use <code>sys.exit(1)</code> if you want to exit the entire script. If you choose to use <code>sys.exit(1)</code>, make sure to import the <code>sys</code> module at the beginning of your script.</p>
</body>
</html>","<!DOCTYPE html>
<html>
<head>
    
    <meta http-equiv=""Content-type"" content=""text/html;charset=UT...",,default-title,trioadmin,publish,https://dev.trionxai.com/wp-content/uploads/ai-image.webp,standard,open,open,,,,,,,,,,,,,,,,,,,,,,,,"index, follow",no,no,no,no,-1,-1,large,AI,AI,"AI Portrait Generator, digital art, AI algorithms, portrait transformation, creative photography, artistic AI, digital portrait, photo to art, AI art, user-friendly AI tool, digital creativity, photography enhancement, portrait artistry, artistic transformation, AI technology in art, digital portrait creation, AI for artists, creative AI applications, portrait innovation, AI-generated art
```",,1,,,1,,,,,,,,,,,,,1,,,,,,,,,,,,,,,,,,,,,,,template1,,,,
Project Title,,"<!DOCTYPE html>
<html>
<head>
    
    <meta http-equiv=""Content-type"" content=""text/html;charset=UTF-8"">
    <style>
    
/* Table styles */
table {
    border-collapse: collapse;
    width: 100%;
    margin-bottom: 1em;
}
th, td {
    border: 1px solid #dddddd;
    text-align: left;
    padding: 8px;
}

/* Code block styles */
pre, code {
    background-color: #f5f5f5;
    border: 1px solid #cccccc;
    display: block;
    padding: 10px;
    overflow-x: auto;
    font-family: monospace;
}

/* General body styling */
body {
    font-family: Arial, sans-serif;
    line-height: 1.6;
}

    </style>
</head>
<body>
<p>Description of your project.</p>
<h2>Files in this Project</h2>
<ul>
<li>adobefirefly.html</li>
<li>adobefirefly.md</li>
<li>adobefirefly.webp</li>
<li>ai-image.webp</li>
<li>ai-portrait-generator.md</li>
<li>ai-portrait-generator.webp</li>
<li>aihumangenerator.md</li>
<li>aiproductphotos.md</li>
<li>aireality.md</li>
<li>aireality.webp</li>
<li>aitimemachine.md</li>
<li>aitimemachine.webp</li>
<li>amazing.md</li>
<li>astria.md</li>
<li>autodraw.md</li>
<li>avatarai.md</li>
<li>bannerbear.md</li>
<li>bing 1.png</li>
<li>bing.md</li>
<li>bing.png</li>
<li>headers-only.csv</li>
<li>ifaz.html</li>
<li>markdown-to-html.py</li>
<li>md-csv-conversion-script-v1.py</li>
<li>md-csv-conversion-script-v2.py</li>
<li>md-csv-conversion-script-v3.py</li>
<li>md-csv-conversion-script-v4.py</li>
<li>md-csv-conversion-script-v5.py</li>
<li>md-csv-conversion-script-v6.py</li>
<li>md-csv-conversion-script.py</li>
<li>notes.md</li>
<li>notes.txt</li>
<li>output.csv</li>
<li>postss.csv</li>
<li>README.md</li>
<li>requirements.txt</li>
<li>saiful.html</li>
<li>venv</li>
</ul>
<h2>Usage</h2>
<p>How to use this project.</p>
<h2>License</h2>
<p>This project is licensed under the MIT License.</p>
</body>
</html>","<!DOCTYPE html>
<html>
<head>
    
    <meta http-equiv=""Content-type"" content=""text/html;charset=UT...",,project-title,trioadmin,publish,https://dev.trionxai.com/wp-content/uploads/ai-image.webp,standard,open,open,,,,,,,,,,,,,,,,,,,,,,,,"index, follow",no,no,no,no,-1,-1,large,body,AI,,,1,,,1,,,,,,,,,,,,,1,,,,,,,,,,,,,,,,,,,,,,,template1,,,,
